id,nombre,email,telefono,pais,fecha_registro
1,Chiara Rossi,chiara.rossi@email.com,+39 3945614226,Francia,2025-02-15
2,Thomas Fischer,thomas.fischer@email.com,+39 3132458591,Reino Unido,2025-08-30
3,Marco Bianchi,marco.bianchi@email.com,+39 3274903402,Italia,2024-03-06
4,Giuseppe Fischer,giuseppe.fischer@email.com,+39 3838038374,Francia,2024-06-29
5,Robert Dubois,robert.dubois@email.com,+39 3003678638,Reino Unido,2024-10-18
6,Robert Ferrari,robert.ferrari@email.com,+39 3276647119,Alemania,2025-06-29
7,Francesco Bianchi,francesco.bianchi@email.com,+39 3456770619,Suiza,2025-08-18
8,Stefan Weber,stefan.weber@email.com,+39 3157350753,Alemania,2024-03-15
9,Anna Bernard,anna.bernard@email.com,+39 3807067228,Francia,2023-10-11
10,Alessandro Rossi,alessandro.rossi@email.com,+39 3844823498,Suiza,2025-07-12
11,Elena Bernard,elena.bernard@email.com,+39 3127377459,Suiza,2024-06-24
12,Maria Ferrari,maria.ferrari@email.com,+39 3476960453,Francia,2023-11-15
13,Robert Fischer,robert.fischer@email.com,+39 3872197935,Austria,2024-04-03
14,Elena Ferrari,elena.ferrari@email.com,+39 3597366205,Suiza,2023-12-16
15,Elena Schmidt,elena.schmidt@email.com,+39 3411938483,Francia,2025-08-30
16,Luca Ricci,luca.ricci@email.com,+39 3342110460,Francia,2024-02-29
17,Luca Esposito,luca.esposito@email.com,+39 3839375710,Reino Unido,2023-12-13
18,Stefan Ferrari,stefan.ferrari@email.com,+39 3333342608,Francia,2024-03-06
19,Robert Fischer,robert.fischer@email.com,+39 3748187926,Reino Unido,2024-09-26
20,Elena Ferrari,elena.ferrari@email.com,+39 3659279821,Alemania,2025-08-14
21,Chiara Ferrari,chiara.ferrari@email.com,+39 3803684052,Reino Unido,2024-01-30
22,Alessandro Ricci,alessandro.ricci@email.com,+39 3488852574,Suiza,2024-03-14
23,Marco Schmidt,marco.schmidt@email.com,+39 3922921859,Suiza,2023-12-15
24,Luca Bianchi,luca.bianchi@email.com,+39 3378294150,Austria,2024-06-24
25,Marco Fischer,marco.fischer@email.com,+39 3925418934,Austria,2024-04-30
26,Chiara Bernard,chiara.bernard@email.com,+39 3806007072,Francia,2025-04-28
27,Maria Dubois,maria.dubois@email.com,+39 3209897858,Italia,2024-01-27
28,Luca Marino,luca.marino@email.com,+39 3022876828,España,2024-11-21
29,Elena Rossi,elena.rossi@email.com,+39 3302321324,Alemania,2024-05-22
30,Alessandro Dubois,alessandro.dubois@email.com,+39 3683109911,Austria,2023-11-26
31,Petra Weber,petra.weber@email.com,+39 3215446912,Reino Unido,2025-02-27
32,Giuseppe Fischer,giuseppe.fischer@email.com,+39 3397693979,España,2024-07-10
33,Stefan Bianchi,stefan.bianchi@email.com,+39 3314769795,Alemania,2024-10-20
34,Marco Müller,marco.müller@email.com,+39 3704860684,Francia,2025-09-24
35,Alessandro Fischer,alessandro.fischer@email.com,+39 3801987737,Francia,2025-07-24
36,Laura Bernard,laura.bernard@email.com,+39 3422188789,Francia,2024-12-20
37,Petra Esposito,petra.esposito@email.com,+39 3693219824,EEUU,2025-01-26
38,Petra Dubois,petra.dubois@email.com,+39 3524194548,Alemania,2025-06-24
39,Giovanna Colombo,giovanna.colombo@email.com,+39 3547897151,EEUU,2025-08-07
40,Chiara Rossi,chiara.rossi@email.com,+39 3516692553,Alemania,2025-01-20
41,Giuseppe Esposito,giuseppe.esposito@email.com,+39 3688526486,Austria,2024-07-26
42,Sophie Romano,sophie.romano@email.com,+39 3595191056,Alemania,2024-07-05
43,Chiara Rossi,chiara.rossi@email.com,+39 3831247595,Alemania,2025-02-01
44,Sophie Ricci,sophie.ricci@email.com,+39 3629075854,Francia,2024-08-17
45,Laura Ferrari,laura.ferrari@email.com,+39 3481036161,Reino Unido,2025-01-03
46,Stefan Romano,stefan.romano@email.com,+39 3549164991,Austria,2025-03-21
47,Anna Esposito,anna.esposito@email.com,+39 3072022698,España,2025-08-04
48,Laura Müller,laura.müller@email.com,+39 3619436429,Austria,2025-08-04
49,Alessandro Bernard,alessandro.bernard@email.com,+39 3232149597,Alemania,2023-11-10
50,Elena Ricci,elena.ricci@email.com,+39 3155130808,Italia,2024-01-06
51,Alessandro Ricci,alessandro.ricci@email.com,+39 3849770838,España,2025-01-07
52,Giuseppe Schmidt,giuseppe.schmidt@email.com,+39 3916271130,Francia,2025-01-03
53,Francesco Ferrari,francesco.ferrari@email.com,+39 3856033115,EEUU,2024-11-12
54,Alessandro Rossi,alessandro.rossi@email.com,+39 3582677407,Alemania,2024-03-30
55,Giuseppe Weber,giuseppe.weber@email.com,+39 3333222252,España,2025-07-23
56,Elena Colombo,elena.colombo@email.com,+39 3363646552,EEUU,2024-03-24
57,Anna Müller,anna.müller@email.com,+39 3839874152,Italia,2023-11-18
58,Anna Leroy,anna.leroy@email.com,+39 3842737893,Austria,2025-01-04
59,Chiara Leroy,chiara.leroy@email.com,+39 3133607983,Suiza,2024-12-17
60,Giuseppe Fischer,giuseppe.fischer@email.com,+39 3434415796,Suiza,2024-05-02
61,Petra Romano,petra.romano@email.com,+39 3062548511,Reino Unido,2024-12-22
62,Laura Rossi,laura.rossi@email.com,+39 3423194789,Suiza,2025-04-19
63,Stefan Weber,stefan.weber@email.com,+39 3908175395,Italia,2025-06-09
64,Alessandro Leroy,alessandro.leroy@email.com,+39 3883500715,Italia,2024-09-18
65,Thomas Ricci,thomas.ricci@email.com,+39 3161701771,Suiza,2024-09-23
66,Laura Leroy,laura.leroy@email.com,+39 3454524499,Francia,2023-11-19
67,Chiara Colombo,chiara.colombo@email.com,+39 3997817881,Austria,2025-02-01
68,Sophie Dubois,sophie.dubois@email.com,+39 3227917152,Italia,2025-04-01
69,Luca Dubois,luca.dubois@email.com,+39 3525163555,Suiza,2025-04-21
70,Chiara Ricci,chiara.ricci@email.com,+39 3048896868,Francia,2025-03-11
71,Stefan Colombo,stefan.colombo@email.com,+39 3394818418,Francia,2025-09-07
72,Giuseppe Ricci,giuseppe.ricci@email.com,+39 3425674183,Alemania,2024-12-20
73,Maria Schmidt,maria.schmidt@email.com,+39 3657705490,España,2025-09-03
74,Chiara Leroy,chiara.leroy@email.com,+39 3333995870,Suiza,2025-08-23
75,Chiara Müller,chiara.müller@email.com,+39 3556799667,España,2024-07-12
76,Chiara Ricci,chiara.ricci@email.com,+39 3734188992,Suiza,2025-08-17
77,Giovanna Rossi,giovanna.rossi@email.com,+39 3664305700,España,2024-07-17
78,Alessandro Schmidt,alessandro.schmidt@email.com,+39 3426266630,Alemania,2024-11-28
79,Anna Schmidt,anna.schmidt@email.com,+39 3526472441,Reino Unido,2023-10-19
80,Anna Weber,anna.weber@email.com,+39 3164218542,Reino Unido,2023-11-21
81,Francesco Schmidt,francesco.schmidt@email.com,+39 3953919694,Suiza,2024-08-12
82,Marco Romano,marco.romano@email.com,+39 3364526280,Reino Unido,2024-02-16
83,Luca Marino,luca.marino@email.com,+39 3568418210,Francia,2024-04-26
84,Petra Dubois,petra.dubois@email.com,+39 3943846949,Alemania,2024-12-15
85,Luca Bianchi,luca.bianchi@email.com,+39 3964940441,Suiza,2025-02-13
86,Giuseppe Ferrari,giuseppe.ferrari@email.com,+39 3031775337,Francia,2024-06-02
87,Alessandro Marino,alessandro.marino@email.com,+39 3534262081,Reino Unido,2024-05-13
88,Francesco Esposito,francesco.esposito@email.com,+39 3181093026,Alemania,2024-07-23
89,Elena Ferrari,elena.ferrari@email.com,+39 3899689889,EEUU,2025-08-11
90,Elena Leroy,elena.leroy@email.com,+39 3158658158,Austria,2024-06-13
91,Luca Dubois,luca.dubois@email.com,+39 3569468772,Reino Unido,2024-03-19
92,Stefan Leroy,stefan.leroy@email.com,+39 3208963715,EEUU,2025-01-09
93,Elena Bernard,elena.bernard@email.com,+39 3815652512,EEUU,2023-12-30
94,Elena Romano,elena.romano@email.com,+39 3562299954,Suiza,2025-02-03
95,Robert Colombo,robert.colombo@email.com,+39 3402351868,Austria,2025-04-30
96,Elena Ricci,elena.ricci@email.com,+39 3883563646,Francia,2025-07-28
97,Giovanna Ricci,giovanna.ricci@email.com,+39 3428816912,Reino Unido,2025-07-30
98,Giuseppe Bernard,giuseppe.bernard@email.com,+39 3537534336,Italia,2024-02-20
99,Francesco Marino,francesco.marino@email.com,+39 3006901533,Suiza,2024-08-28
100,Giovanna Weber,giovanna.weber@email.com,+39 3954700025,EEUU,2025-02-19
101,Robert Ricci,robert.ricci@email.com,+39 3621486955,Reino Unido,2024-10-22
102,Francesco Fischer,francesco.fischer@email.com,+39 3218841505,Austria,2024-01-03
103,Marco Leroy,marco.leroy@email.com,+39 3501454696,Alemania,2023-12-13
104,Giovanna Ferrari,giovanna.ferrari@email.com,+39 3594048907,Italia,2025-01-08
105,Francesco Colombo,francesco.colombo@email.com,+39 3278628588,España,2024-10-21
106,Francesco Romano,francesco.romano@email.com,+39 3968072684,Suiza,2025-07-10
107,Petra Rossi,petra.rossi@email.com,+39 3951873851,España,2025-02-14
108,Alessandro Dubois,alessandro.dubois@email.com,+39 3831675419,Italia,2025-01-21
109,Giuseppe Bernard,giuseppe.bernard@email.com,+39 3023556551,Francia,2025-05-25
110,Petra Schmidt,petra.schmidt@email.com,+39 3144656838,EEUU,2023-10-16
111,Robert Dubois,robert.dubois@email.com,+39 3473815034,Alemania,2025-04-17
112,Anna Bianchi,anna.bianchi@email.com,+39 3741430812,Suiza,2024-02-20
113,Francesco Ricci,francesco.ricci@email.com,+39 3914327421,Alemania,2024-02-03
114,Elena Bianchi,elena.bianchi@email.com,+39 3896059717,Alemania,2024-03-01
115,Laura Colombo,laura.colombo@email.com,+39 3688186990,España,2025-07-23
116,Luca Rossi,luca.rossi@email.com,+39 3539224219,Alemania,2024-07-15
117,Maria Schmidt,maria.schmidt@email.com,+39 3583566765,Reino Unido,2025-04-04
118,Robert Müller,robert.müller@email.com,+39 3689111742,EEUU,2024-07-12
119,Robert Colombo,robert.colombo@email.com,+39 3312453962,Suiza,2024-06-27
120,Elena Dubois,elena.dubois@email.com,+39 3597358385,España,2025-09-02
121,Petra Bernard,petra.bernard@email.com,+39 3414050766,EEUU,2025-02-26
122,Maria Dubois,maria.dubois@email.com,+39 3336709938,Suiza,2024-01-30
123,Robert Weber,robert.weber@email.com,+39 3019667566,Francia,2025-07-06
124,Elena Fischer,elena.fischer@email.com,+39 3529196976,Francia,2023-10-25
125,Petra Schmidt,petra.schmidt@email.com,+39 3919234615,EEUU,2025-09-14
126,Alessandro Romano,alessandro.romano@email.com,+39 3287784725,Francia,2024-11-22
127,Maria Marino,maria.marino@email.com,+39 3709907391,España,2024-07-23
128,Luca Colombo,luca.colombo@email.com,+39 3898612582,Suiza,2024-11-22
129,Robert Esposito,robert.esposito@email.com,+39 3154231028,España,2025-06-01
130,Sophie Esposito,sophie.esposito@email.com,+39 3279123504,Suiza,2024-02-06
131,Anna Bianchi,anna.bianchi@email.com,+39 3245970190,Francia,2024-09-27
132,Sophie Romano,sophie.romano@email.com,+39 3019961299,Austria,2024-12-25
133,Laura Rossi,laura.rossi@email.com,+39 3705901239,Austria,2023-12-18
134,Petra Bianchi,petra.bianchi@email.com,+39 3015770422,EEUU,2024-05-29
135,Stefan Colombo,stefan.colombo@email.com,+39 3231861958,Suiza,2024-05-30
136,Chiara Bernard,chiara.bernard@email.com,+39 3087722755,EEUU,2025-07-18
137,Laura Ferrari,laura.ferrari@email.com,+39 3196097514,Alemania,2025-01-20
138,Chiara Weber,chiara.weber@email.com,+39 3977982241,Francia,2024-04-14
139,Francesco Marino,francesco.marino@email.com,+39 3565988757,Reino Unido,2024-11-23
140,Laura Müller,laura.müller@email.com,+39 3942664863,Francia,2023-12-31
141,Giuseppe Romano,giuseppe.romano@email.com,+39 3842362099,Austria,2025-01-29
142,Sophie Weber,sophie.weber@email.com,+39 3093626181,Italia,2024-08-09
143,Stefan Fischer,stefan.fischer@email.com,+39 3768883823,Suiza,2025-08-29
144,Elena Romano,elena.romano@email.com,+39 3905743227,EEUU,2025-07-21
145,Elena Leroy,elena.leroy@email.com,+39 3334318855,Reino Unido,2025-06-06
146,Elena Schmidt,elena.schmidt@email.com,+39 3195456573,Austria,2025-07-20
147,Laura Ferrari,laura.ferrari@email.com,+39 3395842082,EEUU,2025-05-27
148,Stefan Fischer,stefan.fischer@email.com,+39 3387752972,Suiza,2024-05-07
149,Petra Marino,petra.marino@email.com,+39 3101668752,Reino Unido,2024-11-05
150,Robert Rossi,robert.rossi@email.com,+39 3114840714,Italia,2023-11-13
151,Robert Müller,robert.müller@email.com,+39 3053939212,EEUU,2024-04-18
152,Stefan Leroy,stefan.leroy@email.com,+39 3354044882,Reino Unido,2023-12-21
153,Petra Bianchi,petra.bianchi@email.com,+39 3606837817,Reino Unido,2024-10-25
154,Luca Schmidt,luca.schmidt@email.com,+39 3133698193,España,2024-08-06
155,Petra Romano,petra.romano@email.com,+39 3847718473,Italia,2024-06-23
156,Alessandro Colombo,alessandro.colombo@email.com,+39 3326423634,Alemania,2024-08-14
157,Marco Schmidt,marco.schmidt@email.com,+39 3698750676,Reino Unido,2025-08-07
158,Giuseppe Weber,giuseppe.weber@email.com,+39 3469363326,EEUU,2025-08-10
159,Giuseppe Romano,giuseppe.romano@email.com,+39 3703198037,Suiza,2024-07-10
160,Petra Bianchi,petra.bianchi@email.com,+39 3035014745,Austria,2024-11-17
161,Marco Weber,marco.weber@email.com,+39 3522563790,Francia,2025-06-07
162,Stefan Bianchi,stefan.bianchi@email.com,+39 3823583206,EEUU,2024-12-07
163,Robert Ricci,robert.ricci@email.com,+39 3618922533,Francia,2024-06-21
164,Thomas Ricci,thomas.ricci@email.com,+39 3249526867,Austria,2025-07-22
165,Robert Dubois,robert.dubois@email.com,+39 3536702160,Suiza,2025-09-29
166,Anna Fischer,anna.fischer@email.com,+39 3389214801,Austria,2024-07-01
167,Petra Colombo,petra.colombo@email.com,+39 3427328534,EEUU,2024-11-06
168,Giuseppe Fischer,giuseppe.fischer@email.com,+39 3307425184,Francia,2024-08-07
169,Laura Colombo,laura.colombo@email.com,+39 3958935224,Reino Unido,2024-09-01
170,Thomas Marino,thomas.marino@email.com,+39 3043118060,España,2025-06-21
171,Stefan Bianchi,stefan.bianchi@email.com,+39 3678665981,Italia,2025-05-07
172,Giovanna Bernard,giovanna.bernard@email.com,+39 3833589751,Alemania,2024-06-08
173,Robert Colombo,robert.colombo@email.com,+39 3797668663,Alemania,2024-10-30
174,Francesco Colombo,francesco.colombo@email.com,+39 3809186400,Italia,2024-01-08
175,Alessandro Esposito,alessandro.esposito@email.com,+39 3805821419,Francia,2025-07-01
176,Giovanna Bianchi,giovanna.bianchi@email.com,+39 3972686231,EEUU,2025-04-14
177,Anna Leroy,anna.leroy@email.com,+39 3031771600,España,2025-08-05
178,Anna Colombo,anna.colombo@email.com,+39 3478225725,Austria,2025-01-24
179,Giovanna Müller,giovanna.müller@email.com,+39 3874020853,Austria,2025-04-05
180,Alessandro Müller,alessandro.müller@email.com,+39 3485040453,EEUU,2024-02-12
181,Thomas Esposito,thomas.esposito@email.com,+39 3595261032,EEUU,2025-01-13
182,Marco Leroy,marco.leroy@email.com,+39 3595825658,Austria,2025-07-18
183,Stefan Colombo,stefan.colombo@email.com,+39 3756018975,Reino Unido,2023-10-26
184,Robert Marino,robert.marino@email.com,+39 3384342306,Reino Unido,2024-05-25
185,Chiara Esposito,chiara.esposito@email.com,+39 3487022335,Suiza,2023-10-16
186,Anna Rossi,anna.rossi@email.com,+39 3847640518,Suiza,2025-09-23
187,Laura Leroy,laura.leroy@email.com,+39 3779333700,Suiza,2025-02-08
188,Maria Esposito,maria.esposito@email.com,+39 3814189885,Suiza,2023-11-07
189,Thomas Schmidt,thomas.schmidt@email.com,+39 3121661401,Suiza,2024-07-07
190,Laura Müller,laura.müller@email.com,+39 3463204724,Alemania,2024-12-03
191,Luca Fischer,luca.fischer@email.com,+39 3533946751,Francia,2025-05-19
192,Maria Weber,maria.weber@email.com,+39 3645572250,Austria,2025-01-11
193,Petra Dubois,petra.dubois@email.com,+39 3376682698,Alemania,2024-06-09
194,Alessandro Ferrari,alessandro.ferrari@email.com,+39 3964785186,Reino Unido,2024-03-10
195,Maria Bianchi,maria.bianchi@email.com,+39 3501233516,Suiza,2024-03-31
196,Chiara Marino,chiara.marino@email.com,+39 3475398338,Reino Unido,2023-12-18
197,Maria Bianchi,maria.bianchi@email.com,+39 3864922880,EEUU,2025-09-06
198,Luca Leroy,luca.leroy@email.com,+39 3784713925,Alemania,2023-12-21
199,Stefan Leroy,stefan.leroy@email.com,+39 3896069909,Reino Unido,2025-06-04
200,Thomas Rossi,thomas.rossi@email.com,+39 3046106390,EEUU,2025-06-05
